order,page_ref,page_name,sheet_ref,sheet_title,route,orientation,filename,relative_path,group,width_px,height_px,dpi,feature_count
1,P01,Homepage,P01-A4-01,Hero and Connected Journey,/,Landscape,P01-A4-01_Homepage_Hero_and_Connected_Journey.png,images/01_Public_and_Authentication/P01_Homepage/P01-A4-01_Homepage_Hero_and_Connected_Journey.png,Public and Authentication,3508,2480,300,9
2,P01,Homepage,P01-A4-02,"Features, User Flow and Trust",/,Landscape,P01-A4-02_Homepage_Features_User_Flow_and_Trust.png,images/01_Public_and_Authentication/P01_Homepage/P01-A4-02_Homepage_Features_User_Flow_and_Trust.png,Public and Authentication,3508,2480,300,8
3,P02,Sign Up,P02-A4-01,Create Account Form,/register,Portrait,P02-A4-01_Sign_Up_Create_Account_Form.png,images/01_Public_and_Authentication/P02_Sign_Up/P02-A4-01_Sign_Up_Create_Account_Form.png,Public and Authentication,2480,3508,300,7
4,P02,Sign Up,P02-A4-02,"Validation, Privacy and Success",/register,Portrait,P02-A4-02_Sign_Up_Validation_Privacy_and_Success.png,images/01_Public_and_Authentication/P02_Sign_Up/P02-A4-02_Sign_Up_Validation_Privacy_and_Success.png,Public and Authentication,2480,3508,300,6
5,P03,Login,P03-A4-01,Secure Account Login,/login,Portrait,P03-A4-01_Login_Secure_Account_Login.png,images/01_Public_and_Authentication/P03_Login/P03-A4-01_Login_Secure_Account_Login.png,Public and Authentication,2480,3508,300,10
6,P04,Password Recovery and Email Verification,P04-A4-01,Forgot Password and Reset Request,/forgot-password | /reset-password | /verify-email,Portrait,P04-A4-01_Password_Recovery_and_Email_Verification_Forgot_Password_and_Reset_Request.png,images/01_Public_and_Authentication/P04_Password_Recovery_and_Email_Verification/P04-A4-01_Password_Recovery_and_Email_Verification_Forgot_Password_and_Reset_Request.png,Public and Authentication,2480,3508,300,7
7,P04,Password Recovery and Email Verification,P04-A4-02,Reset Password and Email Verification,/forgot-password | /reset-password | /verify-email,Portrait,P04-A4-02_Password_Recovery_and_Email_Verification_Reset_Password_and_Email_Verification.png,images/01_Public_and_Authentication/P04_Password_Recovery_and_Email_Verification/P04-A4-02_Password_Recovery_and_Email_Verification_Reset_Password_and_Email_Verification.png,Public and Authentication,2480,3508,300,6
8,P05,Onboarding,P05-A4-01,Career Goal and Target Role,/onboarding,Portrait,P05-A4-01_Onboarding_Career_Goal_and_Target_Role.png,images/01_Public_and_Authentication/P05_Onboarding/P05-A4-01_Onboarding_Career_Goal_and_Target_Role.png,Public and Authentication,2480,3508,300,6
9,P05,Onboarding,P05-A4-02,"Skills, Availability and Preferences",/onboarding,Portrait,P05-A4-02_Onboarding_Skills_Availability_and_Preferences.png,images/01_Public_and_Authentication/P05_Onboarding/P05-A4-02_Onboarding_Skills_Availability_and_Preferences.png,Public and Authentication,2480,3508,300,5
10,P05,Onboarding,P05-A4-03,Profile Import and Completion Summary,/onboarding,Portrait,P05-A4-03_Onboarding_Profile_Import_and_Completion_Summary.png,images/01_Public_and_Authentication/P05_Onboarding/P05-A4-03_Onboarding_Profile_Import_and_Completion_Summary.png,Public and Authentication,2480,3508,300,5
11,P06,Dashboard,P06-A4-01,Overview and Progress,/dashboard,Landscape,P06-A4-01_Dashboard_Overview_and_Progress.png,images/02_Core_Account_and_Career_Identity/P06_Dashboard/P06-A4-01_Dashboard_Overview_and_Progress.png,Core Account and Career Identity,3508,2480,300,7
12,P06,Dashboard,P06-A4-02,"Roadmap, Applications and Weekly Focus",/dashboard,Landscape,P06-A4-02_Dashboard_Roadmap_Applications_and_Weekly_Focus.png,images/02_Core_Account_and_Career_Identity/P06_Dashboard/P06-A4-02_Dashboard_Roadmap_Applications_and_Weekly_Focus.png,Core Account and Career Identity,3508,2480,300,6
13,P06,Dashboard,P06-A4-03,"Activity, Deadlines, Study Abroad and Evidence",/dashboard,Landscape,P06-A4-03_Dashboard_Activity_Deadlines_Study_Abroad_and_Evidence.png,images/02_Core_Account_and_Career_Identity/P06_Dashboard/P06-A4-03_Dashboard_Activity_Deadlines_Study_Abroad_and_Evidence.png,Core Account and Career Identity,3508,2480,300,6
14,P07,Profile,P07-A4-01,Profile Overview and View Mode,/profile,Portrait,P07-A4-01_Profile_Profile_Overview_and_View_Mode.png,images/02_Core_Account_and_Career_Identity/P07_Profile/P07-A4-01_Profile_Profile_Overview_and_View_Mode.png,Core Account and Career Identity,2480,3508,300,11
15,P07,Profile,P07-A4-02,"Edit Mode, Preferences and Privacy",/profile,Portrait,P07-A4-02_Profile_Edit_Mode_Preferences_and_Privacy.png,images/02_Core_Account_and_Career_Identity/P07_Profile/P07-A4-02_Profile_Edit_Mode_Preferences_and_Privacy.png,Core Account and Career Identity,2480,3508,300,10
16,P08,Career Passport,P08-A4-01,Passport Overview and Personal Summary,/passport,Portrait,P08-A4-01_Career_Passport_Passport_Overview_and_Personal_Summary.png,images/02_Core_Account_and_Career_Identity/P08_Career_Passport/P08-A4-01_Career_Passport_Passport_Overview_and_Personal_Summary.png,Core Account and Career Identity,2480,3508,300,6
17,P08,Career Passport,P08-A4-02,Experience and Education,/passport,Portrait,P08-A4-02_Career_Passport_Experience_and_Education.png,images/02_Core_Account_and_Career_Identity/P08_Career_Passport/P08-A4-02_Career_Passport_Experience_and_Education.png,Core Account and Career Identity,2480,3508,300,6
18,P08,Career Passport,P08-A4-03,"Projects, Skills and Credentials",/passport,Portrait,P08-A4-03_Career_Passport_Projects_Skills_and_Credentials.png,images/02_Core_Account_and_Career_Identity/P08_Career_Passport/P08-A4-03_Career_Passport_Projects_Skills_and_Credentials.png,Core Account and Career Identity,2480,3508,300,6
19,P08,Career Passport,P08-A4-04,"Claims, Evidence and Private Reviews",/passport,Portrait,P08-A4-04_Career_Passport_Claims_Evidence_and_Private_Reviews.png,images/02_Core_Account_and_Career_Identity/P08_Career_Passport/P08-A4-04_Career_Passport_Claims_Evidence_and_Private_Reviews.png,Core Account and Career Identity,2480,3508,300,5
20,P09,CV Builder Overview,P09-A4-01,CV Library and Recent Work,/cv-builder,Landscape,P09-A4-01_CV_Builder_Overview_CV_Library_and_Recent_Work.png,images/03_CV_Builder/P09_CV_Builder_Overview/P09-A4-01_CV_Builder_Overview_CV_Library_and_Recent_Work.png,CV Builder,3508,2480,300,7
21,P09,CV Builder Overview,P09-A4-02,"Templates, Creation Paths and Guidance",/cv-builder,Landscape,P09-A4-02_CV_Builder_Overview_Templates_Creation_Paths_and_Guidance.png,images/03_CV_Builder/P09_CV_Builder_Overview/P09-A4-02_CV_Builder_Overview_Templates_Creation_Paths_and_Guidance.png,CV Builder,3508,2480,300,7
22,P10,"CV Editor, Preview and Export",P10-A4-01,"Target Role, Job and Passport Intake",/cv-builder/new | /cv-builder/:cvId,Landscape,P10-A4-01_CV_Editor_Preview_and_Export_Target_Role_Job_and_Passport_Intake.png,images/03_CV_Builder/P10_CV_Editor_Preview_and_Export/P10-A4-01_CV_Editor_Preview_and_Export_Target_Role_Job_and_Passport_Intake.png,CV Builder,3508,2480,300,7
23,P10,"CV Editor, Preview and Export",P10-A4-02,Section Editor and Content Controls,/cv-builder/new | /cv-builder/:cvId,Landscape,P10-A4-02_CV_Editor_Preview_and_Export_Section_Editor_and_Content_Controls.png,images/03_CV_Builder/P10_CV_Editor_Preview_and_Export/P10-A4-02_CV_Editor_Preview_and_Export_Section_Editor_and_Content_Controls.png,CV Builder,3508,2480,300,6
24,P10,"CV Editor, Preview and Export",P10-A4-03,Template Selection and Live Preview,/cv-builder/new | /cv-builder/:cvId,Landscape,P10-A4-03_CV_Editor_Preview_and_Export_Template_Selection_and_Live_Preview.png,images/03_CV_Builder/P10_CV_Editor_Preview_and_Export/P10-A4-03_CV_Editor_Preview_and_Export_Template_Selection_and_Live_Preview.png,CV Builder,3508,2480,300,6
25,P10,"CV Editor, Preview and Export",P10-A4-04,"Versions, Export and Download",/cv-builder/new | /cv-builder/:cvId,Landscape,P10-A4-04_CV_Editor_Preview_and_Export_Versions_Export_and_Download.png,images/03_CV_Builder/P10_CV_Editor_Preview_and_Export/P10-A4-04_CV_Editor_Preview_and_Export_Versions_Export_and_Download.png,CV Builder,3508,2480,300,6
26,P11,Job Discovery,P11-A4-01,Search and Filters,/jobs,Landscape,P11-A4-01_Job_Discovery_Search_and_Filters.png,images/04_Jobs_and_Applications/P11_Job_Discovery/P11-A4-01_Job_Discovery_Search_and_Filters.png,Jobs and Applications,3508,2480,300,6
27,P11,Job Discovery,P11-A4-02,Job Results and Relevance,/jobs,Landscape,P11-A4-02_Job_Discovery_Job_Results_and_Relevance.png,images/04_Jobs_and_Applications/P11_Job_Discovery/P11-A4-02_Job_Discovery_Job_Results_and_Relevance.png,Jobs and Applications,3508,2480,300,6
28,P11,Job Discovery,P11-A4-03,"Loading, No Results and Search Errors",/jobs,Landscape,P11-A4-03_Job_Discovery_Loading_No_Results_and_Search_Errors.png,images/04_Jobs_and_Applications/P11_Job_Discovery/P11-A4-03_Job_Discovery_Loading_No_Results_and_Search_Errors.png,Jobs and Applications,3508,2480,300,6
29,P12,Job Details and Role Intelligence,P12-A4-01,Job Overview and Requirements,/jobs/:jobId,Landscape,P12-A4-01_Job_Details_and_Role_Intelligence_Job_Overview_and_Requirements.png,images/04_Jobs_and_Applications/P12_Job_Details_and_Role_Intelligence/P12-A4-01_Job_Details_and_Role_Intelligence_Job_Overview_and_Requirements.png,Jobs and Applications,3508,2480,300,9
30,P12,Job Details and Role Intelligence,P12-A4-02,Role Intelligence and Extracted Fields,/jobs/:jobId,Landscape,P12-A4-02_Job_Details_and_Role_Intelligence_Role_Intelligence_and_Extracted_Fields.png,images/04_Jobs_and_Applications/P12_Job_Details_and_Role_Intelligence/P12-A4-02_Job_Details_and_Role_Intelligence_Role_Intelligence_and_Extracted_Fields.png,Jobs and Applications,3508,2480,300,8
31,P12,Job Details and Role Intelligence,P12-A4-03,"Profile Fit, Skill Gaps and Actions",/jobs/:jobId,Landscape,P12-A4-03_Job_Details_and_Role_Intelligence_Profile_Fit_Skill_Gaps_and_Actions.png,images/04_Jobs_and_Applications/P12_Job_Details_and_Role_Intelligence/P12-A4-03_Job_Details_and_Role_Intelligence_Profile_Fit_Skill_Gaps_and_Actions.png,Jobs and Applications,3508,2480,300,8
32,P13,Saved Jobs,P13-A4-01,Saved Job Library,/saved-jobs,Landscape,P13-A4-01_Saved_Jobs_Saved_Job_Library.png,images/04_Jobs_and_Applications/P13_Saved_Jobs/P13-A4-01_Saved_Jobs_Saved_Job_Library.png,Jobs and Applications,3508,2480,300,6
33,P13,Saved Jobs,P13-A4-02,"Notes, Status and Preparation Actions",/saved-jobs,Landscape,P13-A4-02_Saved_Jobs_Notes_Status_and_Preparation_Actions.png,images/04_Jobs_and_Applications/P13_Saved_Jobs/P13-A4-02_Saved_Jobs_Notes_Status_and_Preparation_Actions.png,Jobs and Applications,3508,2480,300,6
34,P14,Applications Tracker,P14-A4-01,Application Board,/applications,Landscape,P14-A4-01_Applications_Tracker_Application_Board.png,images/04_Jobs_and_Applications/P14_Applications_Tracker/P14-A4-01_Applications_Tracker_Application_Board.png,Jobs and Applications,3508,2480,300,7
35,P14,Applications Tracker,P14-A4-02,"List View, Filters and Linked Assets",/applications,Landscape,P14-A4-02_Applications_Tracker_List_View_Filters_and_Linked_Assets.png,images/04_Jobs_and_Applications/P14_Applications_Tracker/P14-A4-02_Applications_Tracker_List_View_Filters_and_Linked_Assets.png,Jobs and Applications,3508,2480,300,7
36,P14,Applications Tracker,P14-A4-03,"Deadlines, Reminders and Pipeline Insights",/applications,Landscape,P14-A4-03_Applications_Tracker_Deadlines_Reminders_and_Pipeline_Insights.png,images/04_Jobs_and_Applications/P14_Applications_Tracker/P14-A4-03_Applications_Tracker_Deadlines_Reminders_and_Pipeline_Insights.png,Jobs and Applications,3508,2480,300,6
37,P15,Application Detail,P15-A4-01,"Application Overview, Stage and Timeline",/applications/:applicationId,Portrait,P15-A4-01_Application_Detail_Application_Overview_Stage_and_Timeline.png,images/04_Jobs_and_Applications/P15_Application_Detail/P15-A4-01_Application_Detail_Application_Overview_Stage_and_Timeline.png,Jobs and Applications,2480,3508,300,8
38,P15,Application Detail,P15-A4-02,"Documents, Tasks, Contacts and Activity",/applications/:applicationId,Portrait,P15-A4-02_Application_Detail_Documents_Tasks_Contacts_and_Activity.png,images/04_Jobs_and_Applications/P15_Application_Detail/P15-A4-02_Application_Detail_Documents_Tasks_Contacts_and_Activity.png,Jobs and Applications,2480,3508,300,8
39,P16,Interview Preparation Overview,P16-A4-01,Role Selection and Pack Creation,/interview-prep,Landscape,P16-A4-01_Interview_Preparation_Overview_Role_Selection_and_Pack_Creation.png,images/05_Interview_Preparation/P16_Interview_Preparation_Overview/P16-A4-01_Interview_Preparation_Overview_Role_Selection_and_Pack_Creation.png,Interview Preparation,3508,2480,300,7
40,P16,Interview Preparation Overview,P16-A4-02,"Saved Packs, Category Progress and Next Practice",/interview-prep,Landscape,P16-A4-02_Interview_Preparation_Overview_Saved_Packs_Category_Progress_and_Next_Practice.png,images/05_Interview_Preparation/P16_Interview_Preparation_Overview/P16-A4-02_Interview_Preparation_Overview_Saved_Packs_Category_Progress_and_Next_Practice.png,Interview Preparation,3508,2480,300,7
41,P17,Interview Pack Detail,P17-A4-01,"Role Introduction, Expectations and Skill Map",/interview-packs/:packId,Portrait,P17-A4-01_Interview_Pack_Detail_Role_Introduction_Expectations_and_Skill_Map.png,images/05_Interview_Preparation/P17_Interview_Pack_Detail/P17-A4-01_Interview_Pack_Detail_Role_Introduction_Expectations_and_Skill_Map.png,Interview Preparation,2480,3508,300,6
42,P17,Interview Pack Detail,P17-A4-02,HR and Behavioural Questions,/interview-packs/:packId,Portrait,P17-A4-02_Interview_Pack_Detail_HR_and_Behavioural_Questions.png,images/05_Interview_Preparation/P17_Interview_Pack_Detail/P17-A4-02_Interview_Pack_Detail_HR_and_Behavioural_Questions.png,Interview Preparation,2480,3508,300,6
43,P17,Interview Pack Detail,P17-A4-03,Technical and Conceptual Questions,/interview-packs/:packId,Portrait,P17-A4-03_Interview_Pack_Detail_Technical_and_Conceptual_Questions.png,images/05_Interview_Preparation/P17_Interview_Pack_Detail/P17-A4-03_Interview_Pack_Detail_Technical_and_Conceptual_Questions.png,Interview Preparation,2480,3508,300,5
44,P17,Interview Pack Detail,P17-A4-04,"Scenario, Case Study and Practical Tasks",/interview-packs/:packId,Portrait,P17-A4-04_Interview_Pack_Detail_Scenario_Case_Study_and_Practical_Tasks.png,images/05_Interview_Preparation/P17_Interview_Pack_Detail/P17-A4-04_Interview_Pack_Detail_Scenario_Case_Study_and_Practical_Tasks.png,Interview Preparation,2480,3508,300,5
45,P17,Interview Pack Detail,P17-A4-05,Question-Specific Study Material,/interview-packs/:packId,Portrait,P17-A4-05_Interview_Pack_Detail_Question_Specific_Study_Material.png,images/05_Interview_Preparation/P17_Interview_Pack_Detail/P17-A4-05_Interview_Pack_Detail_Question_Specific_Study_Material.png,Interview Preparation,2480,3508,300,5
46,P17,Interview Pack Detail,P17-A4-06,"Practice, Feedback, Retry and Progress",/interview-packs/:packId,Portrait,P17-A4-06_Interview_Pack_Detail_Practice_Feedback_Retry_and_Progress.png,images/05_Interview_Preparation/P17_Interview_Pack_Detail/P17-A4-06_Interview_Pack_Detail_Practice_Feedback_Retry_and_Progress.png,Interview Preparation,2480,3508,300,5
47,P18,Mock Interview Session,P18-A4-01,Session Configuration,/mock-interview/:sessionId,Landscape,P18-A4-01_Mock_Interview_Session_Session_Configuration.png,images/05_Interview_Preparation/P18_Mock_Interview_Session/P18-A4-01_Mock_Interview_Session_Session_Configuration.png,Interview Preparation,3508,2480,300,6
48,P18,Mock Interview Session,P18-A4-02,Question and Response Session,/mock-interview/:sessionId,Landscape,P18-A4-02_Mock_Interview_Session_Question_and_Response_Session.png,images/05_Interview_Preparation/P18_Mock_Interview_Session/P18-A4-02_Mock_Interview_Session_Question_and_Response_Session.png,Interview Preparation,3508,2480,300,6
49,P18,Mock Interview Session,P18-A4-03,"Feedback, Results and Answer History",/mock-interview/:sessionId,Landscape,P18-A4-03_Mock_Interview_Session_Feedback_Results_and_Answer_History.png,images/05_Interview_Preparation/P18_Mock_Interview_Session/P18-A4-03_Mock_Interview_Session_Feedback_Results_and_Answer_History.png,Interview Preparation,3508,2480,300,5
50,P19,Skill Library,P19-A4-01,Skill Search and Role Recommendations,/skills,Landscape,P19-A4-01_Skill_Library_Skill_Search_and_Role_Recommendations.png,images/06_Skills_and_Assessments/P19_Skill_Library/P19-A4-01_Skill_Library_Skill_Search_and_Role_Recommendations.png,Skills and Assessments,3508,2480,300,7
51,P19,Skill Library,P19-A4-02,"Categories, Priority and Progress",/skills,Landscape,P19-A4-02_Skill_Library_Categories_Priority_and_Progress.png,images/06_Skills_and_Assessments/P19_Skill_Library/P19-A4-02_Skill_Library_Categories_Priority_and_Progress.png,Skills and Assessments,3508,2480,300,7
52,P20,Skill Detail,P20-A4-01,"Skill Overview, Importance and Outcomes",/skills/:skillId,Portrait,P20-A4-01_Skill_Detail_Skill_Overview_Importance_and_Outcomes.png,images/06_Skills_and_Assessments/P20_Skill_Detail/P20-A4-01_Skill_Detail_Skill_Overview_Importance_and_Outcomes.png,Skills and Assessments,2480,3508,300,5
53,P20,Skill Detail,P20-A4-02,"Concepts, Examples and Study Notes",/skills/:skillId,Portrait,P20-A4-02_Skill_Detail_Concepts_Examples_and_Study_Notes.png,images/06_Skills_and_Assessments/P20_Skill_Detail/P20-A4-02_Skill_Detail_Concepts_Examples_and_Study_Notes.png,Skills and Assessments,2480,3508,300,5
54,P20,Skill Detail,P20-A4-03,"Tools, Related Skills and Progress History",/skills/:skillId,Portrait,P20-A4-03_Skill_Detail_Tools_Related_Skills_and_Progress_History.png,images/06_Skills_and_Assessments/P20_Skill_Detail/P20-A4-03_Skill_Detail_Tools_Related_Skills_and_Progress_History.png,Skills and Assessments,2480,3508,300,5
55,P21,Skill Practice Session,P21-A4-01,Flashcards and Concept Review,/skills/:skillId/practice,Portrait,P21-A4-01_Skill_Practice_Session_Flashcards_and_Concept_Review.png,images/06_Skills_and_Assessments/P21_Skill_Practice_Session/P21-A4-01_Skill_Practice_Session_Flashcards_and_Concept_Review.png,Skills and Assessments,2480,3508,300,5
56,P21,Skill Practice Session,P21-A4-02,Quiz and Knowledge Check,/skills/:skillId/practice,Portrait,P21-A4-02_Skill_Practice_Session_Quiz_and_Knowledge_Check.png,images/06_Skills_and_Assessments/P21_Skill_Practice_Session/P21-A4-02_Skill_Practice_Session_Quiz_and_Knowledge_Check.png,Skills and Assessments,2480,3508,300,5
57,P21,Skill Practice Session,P21-A4-03,Practical Exercise and Coding Task,/skills/:skillId/practice,Portrait,P21-A4-03_Skill_Practice_Session_Practical_Exercise_and_Coding_Task.png,images/06_Skills_and_Assessments/P21_Skill_Practice_Session/P21-A4-03_Skill_Practice_Session_Practical_Exercise_and_Coding_Task.png,Skills and Assessments,2480,3508,300,4
58,P21,Skill Practice Session,P21-A4-04,"Mini Project, Reflection and Completion",/skills/:skillId/practice,Portrait,P21-A4-04_Skill_Practice_Session_Mini_Project_Reflection_and_Completion.png,images/06_Skills_and_Assessments/P21_Skill_Practice_Session/P21-A4-04_Skill_Practice_Session_Mini_Project_Reflection_and_Completion.png,Skills and Assessments,2480,3508,300,4
59,P22,Assessment Results,P22-A4-01,Results Summary and Score Breakdown,/assessments/:assessmentId/results,Landscape,P22-A4-01_Assessment_Results_Results_Summary_and_Score_Breakdown.png,images/06_Skills_and_Assessments/P22_Assessment_Results/P22-A4-01_Assessment_Results_Results_Summary_and_Score_Breakdown.png,Skills and Assessments,3508,2480,300,7
60,P22,Assessment Results,P22-A4-02,"Strengths, Gaps and Recommended Next Actions",/assessments/:assessmentId/results,Landscape,P22-A4-02_Assessment_Results_Strengths_Gaps_and_Recommended_Next_Actions.png,images/06_Skills_and_Assessments/P22_Assessment_Results/P22-A4-02_Assessment_Results_Strengths_Gaps_and_Recommended_Next_Actions.png,Skills and Assessments,3508,2480,300,6
61,P23,Roadmap Generator,P23-A4-01,Career Target and Context,/roadmap/new,Portrait,P23-A4-01_Roadmap_Generator_Career_Target_and_Context.png,images/07_Career_Roadmap/P23_Roadmap_Generator/P23-A4-01_Roadmap_Generator_Career_Target_and_Context.png,Career Roadmap,2480,3508,300,6
62,P23,Roadmap Generator,P23-A4-02,"Skills, Timeline and Learning Pace",/roadmap/new,Portrait,P23-A4-02_Roadmap_Generator_Skills_Timeline_and_Learning_Pace.png,images/07_Career_Roadmap/P23_Roadmap_Generator/P23-A4-02_Roadmap_Generator_Skills_Timeline_and_Learning_Pace.png,Career Roadmap,2480,3508,300,6
63,P23,Roadmap Generator,P23-A4-03,"Review, Generate and Success Summary",/roadmap/new,Portrait,P23-A4-03_Roadmap_Generator_Review_Generate_and_Success_Summary.png,images/07_Career_Roadmap/P23_Roadmap_Generator/P23-A4-03_Roadmap_Generator_Review_Generate_and_Success_Summary.png,Career Roadmap,2480,3508,300,5
64,P24,Roadmap Overview,P24-A4-01,Roadmap Summary and Current Phase,/roadmap | /roadmap/:roadmapId,Landscape,P24-A4-01_Roadmap_Overview_Roadmap_Summary_and_Current_Phase.png,images/07_Career_Roadmap/P24_Roadmap_Overview/P24-A4-01_Roadmap_Overview_Roadmap_Summary_and_Current_Phase.png,Career Roadmap,3508,2480,300,6
65,P24,Roadmap Overview,P24-A4-02,"Milestones, Skills and Month-by-Month Timeline",/roadmap | /roadmap/:roadmapId,Landscape,P24-A4-02_Roadmap_Overview_Milestones_Skills_and_Month_by_Month_Timeline.png,images/07_Career_Roadmap/P24_Roadmap_Overview/P24-A4-02_Roadmap_Overview_Milestones_Skills_and_Month_by_Month_Timeline.png,Career Roadmap,3508,2480,300,5
66,P24,Roadmap Overview,P24-A4-03,"Progress, Recommendations and Next Actions",/roadmap | /roadmap/:roadmapId,Landscape,P24-A4-03_Roadmap_Overview_Progress_Recommendations_and_Next_Actions.png,images/07_Career_Roadmap/P24_Roadmap_Overview/P24-A4-03_Roadmap_Overview_Progress_Recommendations_and_Next_Actions.png,Career Roadmap,3508,2480,300,5
67,P25,Roadmap Milestone and Learning Detail,P25-A4-01,Milestone Overview and Skill Plan,/roadmap/:roadmapId/milestones/:milestoneId,Portrait,P25-A4-01_Roadmap_Milestone_and_Learning_Detail_Milestone_Overview_and_Skill_Plan.png,images/07_Career_Roadmap/P25_Roadmap_Milestone_and_Learning_Detail/P25-A4-01_Roadmap_Milestone_and_Learning_Detail_Milestone_Overview_and_Skill_Plan.png,Career Roadmap,2480,3508,300,5
68,P25,Roadmap Milestone and Learning Detail,P25-A4-02,Study Material and Key Concepts,/roadmap/:roadmapId/milestones/:milestoneId,Portrait,P25-A4-02_Roadmap_Milestone_and_Learning_Detail_Study_Material_and_Key_Concepts.png,images/07_Career_Roadmap/P25_Roadmap_Milestone_and_Learning_Detail/P25-A4-02_Roadmap_Milestone_and_Learning_Detail_Study_Material_and_Key_Concepts.png,Career Roadmap,2480,3508,300,5
69,P25,Roadmap Milestone and Learning Detail,P25-A4-03,"Flashcards, Quizzes and Exercises",/roadmap/:roadmapId/milestones/:milestoneId,Portrait,P25-A4-03_Roadmap_Milestone_and_Learning_Detail_Flashcards_Quizzes_and_Exercises.png,images/07_Career_Roadmap/P25_Roadmap_Milestone_and_Learning_Detail/P25-A4-03_Roadmap_Milestone_and_Learning_Detail_Flashcards_Quizzes_and_Exercises.png,Career Roadmap,2480,3508,300,4
70,P25,Roadmap Milestone and Learning Detail,P25-A4-04,"Mini Project, Reflection and Completion",/roadmap/:roadmapId/milestones/:milestoneId,Portrait,P25-A4-04_Roadmap_Milestone_and_Learning_Detail_Mini_Project_Reflection_and_Completion.png,images/07_Career_Roadmap/P25_Roadmap_Milestone_and_Learning_Detail/P25-A4-04_Roadmap_Milestone_and_Learning_Detail_Mini_Project_Reflection_and_Completion.png,Career Roadmap,2480,3508,300,4
71,P26,Study-Abroad Dashboard,P26-A4-01,"Study Goal, Destination and Intake Overview",/study-abroad,Landscape,P26-A4-01_Study_Abroad_Dashboard_Study_Goal_Destination_and_Intake_Overview.png,images/08_Study_Abroad/P26_Study_Abroad_Dashboard/P26-A4-01_Study_Abroad_Dashboard_Study_Goal_Destination_and_Intake_Overview.png,Study Abroad,3508,2480,300,7
72,P26,Study-Abroad Dashboard,P26-A4-02,"Programme, Eligibility and Budget Progress",/study-abroad,Landscape,P26-A4-02_Study_Abroad_Dashboard_Programme_Eligibility_and_Budget_Progress.png,images/08_Study_Abroad/P26_Study_Abroad_Dashboard/P26-A4-02_Study_Abroad_Dashboard_Programme_Eligibility_and_Budget_Progress.png,Study Abroad,3508,2480,300,7
73,P26,Study-Abroad Dashboard,P26-A4-03,"Documents, Applications, Deadlines and Next Actions",/study-abroad,Landscape,P26-A4-03_Study_Abroad_Dashboard_Documents_Applications_Deadlines_and_Next_Actions.png,images/08_Study_Abroad/P26_Study_Abroad_Dashboard/P26-A4-03_Study_Abroad_Dashboard_Documents_Applications_Deadlines_and_Next_Actions.png,Study Abroad,3508,2480,300,6
74,P27,Country Comparison,P27-A4-01,Country Comparison Table,/study-abroad/countries,Landscape,P27-A4-01_Country_Comparison_Country_Comparison_Table.png,images/08_Study_Abroad/P27_Country_Comparison/P27-A4-01_Country_Comparison_Country_Comparison_Table.png,Study Abroad,3508,2480,300,8
75,P27,Country Comparison,P27-A4-02,Destination Detail and Planning Notes,/study-abroad/countries,Landscape,P27-A4-02_Country_Comparison_Destination_Detail_and_Planning_Notes.png,images/08_Study_Abroad/P27_Country_Comparison/P27-A4-02_Country_Comparison_Destination_Detail_and_Planning_Notes.png,Study Abroad,3508,2480,300,7
76,P28,University and Programme Search,P28-A4-01,Programme Search and Filters,/study-abroad/programs,Landscape,P28-A4-01_University_and_Programme_Search_Programme_Search_and_Filters.png,images/08_Study_Abroad/P28_University_and_Programme_Search/P28-A4-01_University_and_Programme_Search_Programme_Search_and_Filters.png,Study Abroad,3508,2480,300,6
77,P28,University and Programme Search,P28-A4-02,University and Programme Results,/study-abroad/programs,Landscape,P28-A4-02_University_and_Programme_Search_University_and_Programme_Results.png,images/08_Study_Abroad/P28_University_and_Programme_Search/P28-A4-02_University_and_Programme_Search_University_and_Programme_Results.png,Study Abroad,3508,2480,300,6
78,P28,University and Programme Search,P28-A4-03,Saved Programmes and Comparison,/study-abroad/programs,Landscape,P28-A4-03_University_and_Programme_Search_Saved_Programmes_and_Comparison.png,images/08_Study_Abroad/P28_University_and_Programme_Search/P28-A4-03_University_and_Programme_Search_Saved_Programmes_and_Comparison.png,Study Abroad,3508,2480,300,5
79,P29,University and Programme Detail,P29-A4-01,Institution and Programme Overview,/study-abroad/programs/:programId,Portrait,P29-A4-01_University_and_Programme_Detail_Institution_and_Programme_Overview.png,images/08_Study_Abroad/P29_University_and_Programme_Detail/P29-A4-01_University_and_Programme_Detail_Institution_and_Programme_Overview.png,Study Abroad,2480,3508,300,6
80,P29,University and Programme Detail,P29-A4-02,"Modules, Entry Requirements and Costs",/study-abroad/programs/:programId,Portrait,P29-A4-02_University_and_Programme_Detail_Modules_Entry_Requirements_and_Costs.png,images/08_Study_Abroad/P29_University_and_Programme_Detail/P29-A4-02_University_and_Programme_Detail_Modules_Entry_Requirements_and_Costs.png,Study Abroad,2480,3508,300,6
81,P29,University and Programme Detail,P29-A4-03,"Eligibility, Scholarship, Save and Compare",/study-abroad/programs/:programId,Portrait,P29-A4-03_University_and_Programme_Detail_Eligibility_Scholarship_Save_and_Compare.png,images/08_Study_Abroad/P29_University_and_Programme_Detail/P29-A4-03_University_and_Programme_Detail_Eligibility_Scholarship_Save_and_Compare.png,Study Abroad,2480,3508,300,5
82,P30,Eligibility Assessment,P30-A4-01,"Education, Experience and Test Inputs",/study-abroad/eligibility,Portrait,P30-A4-01_Eligibility_Assessment_Education_Experience_and_Test_Inputs.png,images/08_Study_Abroad/P30_Eligibility_Assessment/P30-A4-01_Eligibility_Assessment_Education_Experience_and_Test_Inputs.png,Study Abroad,2480,3508,300,7
83,P30,Eligibility Assessment,P30-A4-02,Eligibility Summary and Missing Requirements,/study-abroad/eligibility,Portrait,P30-A4-02_Eligibility_Assessment_Eligibility_Summary_and_Missing_Requirements.png,images/08_Study_Abroad/P30_Eligibility_Assessment/P30-A4-02_Eligibility_Assessment_Eligibility_Summary_and_Missing_Requirements.png,Study Abroad,2480,3508,300,7
84,P31,Budget Planner,P31-A4-01,Study Cost and Funding Inputs,/study-abroad/budget,Landscape,P31-A4-01_Budget_Planner_Study_Cost_and_Funding_Inputs.png,images/08_Study_Abroad/P31_Budget_Planner/P31-A4-01_Budget_Planner_Study_Cost_and_Funding_Inputs.png,Study Abroad,3508,2480,300,8
85,P31,Budget Planner,P31-A4-02,"Funding Gap, Savings Target and Timeline",/study-abroad/budget,Landscape,P31-A4-02_Budget_Planner_Funding_Gap_Savings_Target_and_Timeline.png,images/08_Study_Abroad/P31_Budget_Planner/P31-A4-02_Budget_Planner_Funding_Gap_Savings_Target_and_Timeline.png,Study Abroad,3508,2480,300,8
86,P32,Scholarships,P32-A4-01,Scholarship Search and Eligibility,/study-abroad/scholarships,Landscape,P32-A4-01_Scholarships_Scholarship_Search_and_Eligibility.png,images/08_Study_Abroad/P32_Scholarships/P32-A4-01_Scholarships_Scholarship_Search_and_Eligibility.png,Study Abroad,3508,2480,300,7
87,P32,Scholarships,P32-A4-02,Saved Scholarships and Application Checklist,/study-abroad/scholarships,Landscape,P32-A4-02_Scholarships_Saved_Scholarships_and_Application_Checklist.png,images/08_Study_Abroad/P32_Scholarships/P32-A4-02_Scholarships_Saved_Scholarships_and_Application_Checklist.png,Study Abroad,3508,2480,300,7
88,P33,Test Preparation,P33-A4-01,"Target Test, Score and Study Plan",/study-abroad/test-preparation,Landscape,P33-A4-01_Test_Preparation_Target_Test_Score_and_Study_Plan.png,images/08_Study_Abroad/P33_Test_Preparation/P33-A4-01_Test_Preparation_Target_Test_Score_and_Study_Plan.png,Study Abroad,3508,2480,300,7
89,P33,Test Preparation,P33-A4-02,"Practice Schedule, Reminders and Results History",/study-abroad/test-preparation,Landscape,P33-A4-02_Test_Preparation_Practice_Schedule_Reminders_and_Results_History.png,images/08_Study_Abroad/P33_Test_Preparation/P33-A4-02_Test_Preparation_Practice_Schedule_Reminders_and_Results_History.png,Study Abroad,3508,2480,300,6
90,P34,SOP and LOR Preparation,P34-A4-01,SOP Outline and Programme Context,/study-abroad/sop-lor,Portrait,P34-A4-01_SOP_and_LOR_Preparation_SOP_Outline_and_Programme_Context.png,images/08_Study_Abroad/P34_SOP_and_LOR_Preparation/P34-A4-01_SOP_and_LOR_Preparation_SOP_Outline_and_Programme_Context.png,Study Abroad,2480,3508,300,6
91,P34,SOP and LOR Preparation,P34-A4-02,"AI-Assisted Drafting, Editing and Versions",/study-abroad/sop-lor,Portrait,P34-A4-02_SOP_and_LOR_Preparation_AI_Assisted_Drafting_Editing_and_Versions.png,images/08_Study_Abroad/P34_SOP_and_LOR_Preparation/P34-A4-02_SOP_and_LOR_Preparation_AI_Assisted_Drafting_Editing_and_Versions.png,Study Abroad,2480,3508,300,5
92,P34,SOP and LOR Preparation,P34-A4-03,"LOR Requests, Recommenders and Deadlines",/study-abroad/sop-lor,Portrait,P34-A4-03_SOP_and_LOR_Preparation_LOR_Requests_Recommenders_and_Deadlines.png,images/08_Study_Abroad/P34_SOP_and_LOR_Preparation/P34-A4-03_SOP_and_LOR_Preparation_LOR_Requests_Recommenders_and_Deadlines.png,Study Abroad,2480,3508,300,5
93,P35,Study-Abroad Document Checklist,P35-A4-01,Required Document Checklist,/study-abroad/documents,Portrait,P35-A4-01_Study_Abroad_Document_Checklist_Required_Document_Checklist.png,images/08_Study_Abroad/P35_Study_Abroad_Document_Checklist/P35-A4-01_Study_Abroad_Document_Checklist_Required_Document_Checklist.png,Study Abroad,2480,3508,300,8
94,P35,Study-Abroad Document Checklist,P35-A4-02,"Document Detail, Evidence Links and Missing Items",/study-abroad/documents,Portrait,P35-A4-02_Study_Abroad_Document_Checklist_Document_Detail_Evidence_Links_and_Missing_Items.png,images/08_Study_Abroad/P35_Study_Abroad_Document_Checklist/P35-A4-02_Study_Abroad_Document_Checklist_Document_Detail_Evidence_Links_and_Missing_Items.png,Study Abroad,2480,3508,300,7
95,P36,Study-Abroad Application Tracker,P36-A4-01,University Application Board,/study-abroad/applications,Landscape,P36-A4-01_Study_Abroad_Application_Tracker_University_Application_Board.png,images/08_Study_Abroad/P36_Study_Abroad_Application_Tracker/P36-A4-01_Study_Abroad_Application_Tracker_University_Application_Board.png,Study Abroad,3508,2480,300,6
96,P36,Study-Abroad Application Tracker,P36-A4-02,"Application Detail, Timeline and Documents",/study-abroad/applications,Landscape,P36-A4-02_Study_Abroad_Application_Tracker_Application_Detail_Timeline_and_Documents.png,images/08_Study_Abroad/P36_Study_Abroad_Application_Tracker/P36-A4-02_Study_Abroad_Application_Tracker_Application_Detail_Timeline_and_Documents.png,Study Abroad,3508,2480,300,6
97,P36,Study-Abroad Application Tracker,P36-A4-03,"Decisions, Deposits, Notes and Next Actions",/study-abroad/applications,Landscape,P36-A4-03_Study_Abroad_Application_Tracker_Decisions_Deposits_Notes_and_Next_Actions.png,images/08_Study_Abroad/P36_Study_Abroad_Application_Tracker/P36-A4-03_Study_Abroad_Application_Tracker_Decisions_Deposits_Notes_and_Next_Actions.png,Study Abroad,3508,2480,300,6
98,P37,Visa Preparation,P37-A4-01,Visa Checklist and Financial Evidence,/study-abroad/visa,Portrait,P37-A4-01_Visa_Preparation_Visa_Checklist_and_Financial_Evidence.png,images/08_Study_Abroad/P37_Visa_Preparation/P37-A4-01_Visa_Preparation_Visa_Checklist_and_Financial_Evidence.png,Study Abroad,2480,3508,300,7
99,P37,Visa Preparation,P37-A4-02,"Appointments, Biometrics, Status and Official Sources",/study-abroad/visa,Portrait,P37-A4-02_Visa_Preparation_Appointments_Biometrics_Status_and_Official_Sources.png,images/08_Study_Abroad/P37_Visa_Preparation/P37-A4-02_Visa_Preparation_Appointments_Biometrics_Status_and_Official_Sources.png,Study Abroad,2480,3508,300,7
100,P38,Platform Foundation,P38-A4-01,Career Subject and Foundation Status,/platform,Landscape,P38-A4-01_Platform_Foundation_Career_Subject_and_Foundation_Status.png,images/09_Platform_Evidence_and_Reviews/P38_Platform_Foundation/P38-A4-01_Platform_Foundation_Career_Subject_and_Foundation_Status.png,"Platform, Evidence and Reviews",3508,2480,300,7
101,P38,Platform Foundation,P38-A4-02,"Goals, History and Connected Career Systems",/platform,Landscape,P38-A4-02_Platform_Foundation_Goals_History_and_Connected_Career_Systems.png,images/09_Platform_Evidence_and_Reviews/P38_Platform_Foundation/P38-A4-02_Platform_Foundation_Goals_History_and_Connected_Career_Systems.png,"Platform, Evidence and Reviews",3508,2480,300,7
102,P39,Evidence Library,P39-A4-01,"Evidence Library, Search and Filters",/evidence,Portrait,P39-A4-01_Evidence_Library_Evidence_Library_Search_and_Filters.png,images/09_Platform_Evidence_and_Reviews/P39_Evidence_Library/P39-A4-01_Evidence_Library_Evidence_Library_Search_and_Filters.png,"Platform, Evidence and Reviews",2480,3508,300,5
103,P39,Evidence Library,P39-A4-02,Create Evidence Metadata,/evidence,Portrait,P39-A4-02_Evidence_Library_Create_Evidence_Metadata.png,images/09_Platform_Evidence_and_Reviews/P39_Evidence_Library/P39-A4-02_Evidence_Library_Create_Evidence_Metadata.png,"Platform, Evidence and Reviews",2480,3508,300,5
104,P39,Evidence Library,P39-A4-03,Private Attachment and Selected Detail,/evidence,Portrait,P39-A4-03_Evidence_Library_Private_Attachment_and_Selected_Detail.png,images/09_Platform_Evidence_and_Reviews/P39_Evidence_Library/P39-A4-03_Evidence_Library_Private_Attachment_and_Selected_Detail.png,"Platform, Evidence and Reviews",2480,3508,300,5
105,P39,Evidence Library,P39-A4-04,"Privacy, Ownership and Evidence Status",/evidence,Portrait,P39-A4-04_Evidence_Library_Privacy_Ownership_and_Evidence_Status.png,images/09_Platform_Evidence_and_Reviews/P39_Evidence_Library/P39-A4-04_Evidence_Library_Privacy_Ownership_and_Evidence_Status.png,"Platform, Evidence and Reviews",2480,3508,300,4
106,P40,Claim Management and Evidence Linking,P40-A4-01,Claim Library and Support Status,/claims,Landscape,P40-A4-01_Claim_Management_and_Evidence_Linking_Claim_Library_and_Support_Status.png,images/09_Platform_Evidence_and_Reviews/P40_Claim_Management_and_Evidence_Linking/P40-A4-01_Claim_Management_and_Evidence_Linking_Claim_Library_and_Support_Status.png,"Platform, Evidence and Reviews",3508,2480,300,6
107,P40,Claim Management and Evidence Linking,P40-A4-02,Select Evidence and Create Link,/claims,Landscape,P40-A4-02_Claim_Management_and_Evidence_Linking_Select_Evidence_and_Create_Link.png,images/09_Platform_Evidence_and_Reviews/P40_Claim_Management_and_Evidence_Linking/P40-A4-02_Claim_Management_and_Evidence_Linking_Select_Evidence_and_Create_Link.png,"Platform, Evidence and Reviews",3508,2480,300,5
108,P40,Claim Management and Evidence Linking,P40-A4-03,"Linked Evidence, Remove Link and Safe Status",/claims,Landscape,P40-A4-03_Claim_Management_and_Evidence_Linking_Linked_Evidence_Remove_Link_and_Safe_Status.png,images/09_Platform_Evidence_and_Reviews/P40_Claim_Management_and_Evidence_Linking/P40-A4-03_Claim_Management_and_Evidence_Linking_Linked_Evidence_Remove_Link_and_Safe_Status.png,"Platform, Evidence and Reviews",3508,2480,300,5
109,P41,Private Review Requests,P41-A4-01,"Eligible Claim, Evidence and Review Request",/review-requests,Portrait,P41-A4-01_Private_Review_Requests_Eligible_Claim_Evidence_and_Review_Request.png,images/09_Platform_Evidence_and_Reviews/P41_Private_Review_Requests/P41-A4-01_Private_Review_Requests_Eligible_Claim_Evidence_and_Review_Request.png,"Platform, Evidence and Reviews",2480,3508,300,5
110,P41,Private Review Requests,P41-A4-02,Active Request and Duplicate Prevention,/review-requests,Portrait,P41-A4-02_Private_Review_Requests_Active_Request_and_Duplicate_Prevention.png,images/09_Platform_Evidence_and_Reviews/P41_Private_Review_Requests/P41-A4-02_Private_Review_Requests_Active_Request_and_Duplicate_Prevention.png,"Platform, Evidence and Reviews",2480,3508,300,5
111,P41,Private Review Requests,P41-A4-03,"History, Cancellation and Status Explanation",/review-requests,Portrait,P41-A4-03_Private_Review_Requests_History_Cancellation_and_Status_Explanation.png,images/09_Platform_Evidence_and_Reviews/P41_Private_Review_Requests/P41-A4-03_Private_Review_Requests_History_Cancellation_and_Status_Explanation.png,"Platform, Evidence and Reviews",2480,3508,300,4
112,P42,Achievements,P42-A4-01,Earned and Locked Badges,/achievements,Landscape,P42-A4-01_Achievements_Earned_and_Locked_Badges.png,images/10_Progress_and_Account_Management/P42_Achievements/P42-A4-01_Achievements_Earned_and_Locked_Badges.png,Progress and Account Management,3508,2480,300,8
113,P42,Achievements,P42-A4-02,"Milestones, Streaks and Progress Explanation",/achievements,Landscape,P42-A4-02_Achievements_Milestones_Streaks_and_Progress_Explanation.png,images/10_Progress_and_Account_Management/P42_Achievements/P42-A4-02_Achievements_Milestones_Streaks_and_Progress_Explanation.png,Progress and Account Management,3508,2480,300,7
114,P43,Notifications and Activity,P43-A4-01,"Notifications, Filters and Read Status",/notifications,Landscape,P43-A4-01_Notifications_and_Activity_Notifications_Filters_and_Read_Status.png,images/10_Progress_and_Account_Management/P43_Notifications_and_Activity/P43-A4-01_Notifications_and_Activity_Notifications_Filters_and_Read_Status.png,Progress and Account Management,3508,2480,300,7
115,P43,Notifications and Activity,P43-A4-02,Activity History and Notification Preferences,/notifications,Landscape,P43-A4-02_Notifications_and_Activity_Activity_History_and_Notification_Preferences.png,images/10_Progress_and_Account_Management/P43_Notifications_and_Activity/P43-A4-02_Notifications_and_Activity_Activity_History_and_Notification_Preferences.png,Progress and Account Management,3508,2480,300,7
116,P44,Settings,P44-A4-01,"Account, Profile and Career Preferences",/settings,Portrait,P44-A4-01_Settings_Account_Profile_and_Career_Preferences.png,images/10_Progress_and_Account_Management/P44_Settings/P44-A4-01_Settings_Account_Profile_and_Career_Preferences.png,Progress and Account Management,2480,3508,300,6
117,P44,Settings,P44-A4-02,"Privacy, Security and Active Sessions",/settings,Portrait,P44-A4-02_Settings_Privacy_Security_and_Active_Sessions.png,images/10_Progress_and_Account_Management/P44_Settings/P44-A4-02_Settings_Privacy_Security_and_Active_Sessions.png,Progress and Account Management,2480,3508,300,6
118,P44,Settings,P44-A4-03,"Theme, Accessibility, Data and AI Usage",/settings,Portrait,P44-A4-03_Settings_Theme_Accessibility_Data_and_AI_Usage.png,images/10_Progress_and_Account_Management/P44_Settings/P44-A4-03_Settings_Theme_Accessibility_Data_and_AI_Usage.png,Progress and Account Management,2480,3508,300,6
119,P45,Help and Support,P45-A4-01,"Help Search, Categories and Troubleshooting",/help,Portrait,P45-A4-01_Help_and_Support_Help_Search_Categories_and_Troubleshooting.png,images/10_Progress_and_Account_Management/P45_Help_and_Support/P45-A4-01_Help_and_Support_Help_Search_Categories_and_Troubleshooting.png,Progress and Account Management,2480,3508,300,8
120,P45,Help and Support,P45-A4-02,"Contact Support, Report Issue, Trust and FAQ",/help,Portrait,P45-A4-02_Help_and_Support_Contact_Support_Report_Issue_Trust_and_FAQ.png,images/10_Progress_and_Account_Management/P45_Help_and_Support/P45-A4-02_Help_and_Support_Contact_Support_Report_Issue_Trust_and_FAQ.png,Progress and Account Management,2480,3508,300,7
121,P46,"Empty, Loading, Error and Success State Library",P46-A4-01,No CV and No Passport Data,Supporting design library,Landscape,P46-A4-01_Empty_Loading_Error_and_Success_State_Library_No_CV_and_No_Passport_Data.png,images/10_Progress_and_Account_Management/P46_Empty_Loading_Error_and_Success_State_Library/P46-A4-01_Empty_Loading_Error_and_Success_State_Library_No_CV_and_No_Passport_Data.png,Progress and Account Management,3508,2480,300,2
122,P46,"Empty, Loading, Error and Success State Library",P46-A4-02,No Roadmap and No Jobs,Supporting design library,Landscape,P46-A4-02_Empty_Loading_Error_and_Success_State_Library_No_Roadmap_and_No_Jobs.png,images/10_Progress_and_Account_Management/P46_Empty_Loading_Error_and_Success_State_Library/P46-A4-02_Empty_Loading_Error_and_Success_State_Library_No_Roadmap_and_No_Jobs.png,Progress and Account Management,3508,2480,300,2
123,P46,"Empty, Loading, Error and Success State Library",P46-A4-03,No Saved Jobs and No Applications,Supporting design library,Landscape,P46-A4-03_Empty_Loading_Error_and_Success_State_Library_No_Saved_Jobs_and_No_Applications.png,images/10_Progress_and_Account_Management/P46_Empty_Loading_Error_and_Success_State_Library/P46-A4-03_Empty_Loading_Error_and_Success_State_Library_No_Saved_Jobs_and_No_Applications.png,Progress and Account Management,3508,2480,300,2
124,P46,"Empty, Loading, Error and Success State Library",P46-A4-04,No Interview Pack and No Skill Practice,Supporting design library,Landscape,P46-A4-04_Empty_Loading_Error_and_Success_State_Library_No_Interview_Pack_and_No_Skill_Practice.png,images/10_Progress_and_Account_Management/P46_Empty_Loading_Error_and_Success_State_Library/P46-A4-04_Empty_Loading_Error_and_Success_State_Library_No_Interview_Pack_and_No_Skill_Practice.png,Progress and Account Management,3508,2480,300,2
125,P46,"Empty, Loading, Error and Success State Library",P46-A4-05,"No Evidence, No Claims and No Review Request",Supporting design library,Landscape,P46-A4-05_Empty_Loading_Error_and_Success_State_Library_No_Evidence_No_Claims_and_No_Review_Request.png,images/10_Progress_and_Account_Management/P46_Empty_Loading_Error_and_Success_State_Library/P46-A4-05_Empty_Loading_Error_and_Success_State_Library_No_Evidence_No_Claims_and_No_Review_Request.png,Progress and Account Management,3508,2480,300,2
126,P46,"Empty, Loading, Error and Success State Library",P46-A4-06,No Study-Abroad Plan and No Results,Supporting design library,Landscape,P46-A4-06_Empty_Loading_Error_and_Success_State_Library_No_Study_Abroad_Plan_and_No_Results.png,images/10_Progress_and_Account_Management/P46_Empty_Loading_Error_and_Success_State_Library/P46-A4-06_Empty_Loading_Error_and_Success_State_Library_No_Study_Abroad_Plan_and_No_Results.png,Progress and Account Management,3508,2480,300,2
127,P46,"Empty, Loading, Error and Success State Library",P46-A4-07,Loading Skeletons and Generation Progress,Supporting design library,Landscape,P46-A4-07_Empty_Loading_Error_and_Success_State_Library_Loading_Skeletons_and_Generation_Progress.png,images/10_Progress_and_Account_Management/P46_Empty_Loading_Error_and_Success_State_Library/P46-A4-07_Empty_Loading_Error_and_Success_State_Library_Loading_Skeletons_and_Generation_Progress.png,Progress and Account Management,3508,2480,300,2
128,P46,"Empty, Loading, Error and Success State Library",P46-A4-08,AI Provider Unavailable and API Failure,Supporting design library,Landscape,P46-A4-08_Empty_Loading_Error_and_Success_State_Library_AI_Provider_Unavailable_and_API_Failure.png,images/10_Progress_and_Account_Management/P46_Empty_Loading_Error_and_Success_State_Library/P46-A4-08_Empty_Loading_Error_and_Success_State_Library_AI_Provider_Unavailable_and_API_Failure.png,Progress and Account Management,3508,2480,300,2
129,P46,"Empty, Loading, Error and Success State Library",P46-A4-09,Permission Denied and Session Expired,Supporting design library,Landscape,P46-A4-09_Empty_Loading_Error_and_Success_State_Library_Permission_Denied_and_Session_Expired.png,images/10_Progress_and_Account_Management/P46_Empty_Loading_Error_and_Success_State_Library/P46-A4-09_Empty_Loading_Error_and_Success_State_Library_Permission_Denied_and_Session_Expired.png,Progress and Account Management,3508,2480,300,2
130,P46,"Empty, Loading, Error and Success State Library",P46-A4-10,Validation Errors and Field Guidance,Supporting design library,Landscape,P46-A4-10_Empty_Loading_Error_and_Success_State_Library_Validation_Errors_and_Field_Guidance.png,images/10_Progress_and_Account_Management/P46_Empty_Loading_Error_and_Success_State_Library/P46-A4-10_Empty_Loading_Error_and_Success_State_Library_Validation_Errors_and_Field_Guidance.png,Progress and Account Management,3508,2480,300,2
131,P46,"Empty, Loading, Error and Success State Library",P46-A4-11,Upload and Download Success,Supporting design library,Landscape,P46-A4-11_Empty_Loading_Error_and_Success_State_Library_Upload_and_Download_Success.png,images/10_Progress_and_Account_Management/P46_Empty_Loading_Error_and_Success_State_Library/P46-A4-11_Empty_Loading_Error_and_Success_State_Library_Upload_and_Download_Success.png,Progress and Account Management,3508,2480,300,2
132,P46,"Empty, Loading, Error and Success State Library",P46-A4-12,Delete and Cancellation Confirmation,Supporting design library,Landscape,P46-A4-12_Empty_Loading_Error_and_Success_State_Library_Delete_and_Cancellation_Confirmation.png,images/10_Progress_and_Account_Management/P46_Empty_Loading_Error_and_Success_State_Library/P46-A4-12_Empty_Loading_Error_and_Success_State_Library_Delete_and_Cancellation_Confirmation.png,Progress and Account Management,3508,2480,300,2
133,P46,"Empty, Loading, Error and Success State Library",P46-A4-13,"Regeneration, Retry and Recovery",Supporting design library,Landscape,P46-A4-13_Empty_Loading_Error_and_Success_State_Library_Regeneration_Retry_and_Recovery.png,images/10_Progress_and_Account_Management/P46_Empty_Loading_Error_and_Success_State_Library/P46-A4-13_Empty_Loading_Error_and_Success_State_Library_Regeneration_Retry_and_Recovery.png,Progress and Account Management,3508,2480,300,2
134,P46,"Empty, Loading, Error and Success State Library",P46-A4-14,Offline State and Reconnection,Supporting design library,Landscape,P46-A4-14_Empty_Loading_Error_and_Success_State_Library_Offline_State_and_Reconnection.png,images/10_Progress_and_Account_Management/P46_Empty_Loading_Error_and_Success_State_Library/P46-A4-14_Empty_Loading_Error_and_Success_State_Library_Offline_State_and_Reconnection.png,Progress and Account Management,3508,2480,300,2
135,P46,"Empty, Loading, Error and Success State Library",P46-A4-15,"Reusable Success, Warning and Toast States",Supporting design library,Landscape,P46-A4-15_Empty_Loading_Error_and_Success_State_Library_Reusable_Success_Warning_and_Toast_States.png,images/10_Progress_and_Account_Management/P46_Empty_Loading_Error_and_Success_State_Library/P46-A4-15_Empty_Loading_Error_and_Success_State_Library_Reusable_Success_Warning_and_Toast_States.png,Progress and Account Management,3508,2480,300,2
